-- phpMyAdmin SQL Dump
-- version 5.1.0
-- https://www.phpmyadmin.net/
--
-- Servidor: 127.0.0.1
-- Tiempo de generación: 21-05-2021 a las 17:55:10
-- Versión del servidor: 10.4.18-MariaDB
-- Versión de PHP: 7.3.27

SET SQL_MODE = "NO_AUTO_VALUE_ON_ZERO";
START TRANSACTION;
SET time_zone = "+00:00";


/*!40101 SET @OLD_CHARACTER_SET_CLIENT=@@CHARACTER_SET_CLIENT */;
/*!40101 SET @OLD_CHARACTER_SET_RESULTS=@@CHARACTER_SET_RESULTS */;
/*!40101 SET @OLD_COLLATION_CONNECTION=@@COLLATION_CONNECTION */;
/*!40101 SET NAMES utf8mb4 */;

--
-- Base de datos: `db_restaurante`
--

-- --------------------------------------------------------

--
-- Estructura de tabla para la tabla `tbl_direcciones`
--

CREATE TABLE `tbl_direcciones` (
  `ID_DIRECCION` int(11) NOT NULL,
  `DIRECCION` varchar(200) NOT NULL
) ENGINE=InnoDB DEFAULT CHARSET=utf8mb4;

--
-- Volcado de datos para la tabla `tbl_direcciones`
--

INSERT INTO `tbl_direcciones` (`ID_DIRECCION`, `DIRECCION`) VALUES
(1, 'Barrio los angeles'),
(2, 'Barrio Santa Maria'),
(3, 'Barrio Toróndon');

-- --------------------------------------------------------

--
-- Estructura de tabla para la tabla `tbl_envios`
--

CREATE TABLE `tbl_envios` (
  `ID_ENVIO` int(11) NOT NULL,
  `DESCRIPCION_ENVIO` varchar(300) NOT NULL,
  `FECHA` date NOT NULL,
  `ID_DIRECCION` int(11) NOT NULL
) ENGINE=InnoDB DEFAULT CHARSET=utf8mb4;

--
-- Volcado de datos para la tabla `tbl_envios`
--

INSERT INTO `tbl_envios` (`ID_ENVIO`, `DESCRIPCION_ENVIO`, `FECHA`, `ID_DIRECCION`) VALUES
(1, 'Almuerzo', '2021-05-21', 1),
(6, 'Desayuno', '2021-05-21', 2),
(7, 'Cena', '2021-05-21', 3);

-- --------------------------------------------------------

--
-- Estructura de tabla para la tabla `tbl_factura`
--

CREATE TABLE `tbl_factura` (
  `ID_FACTURA` int(11) NOT NULL,
  `DESCRIPCION_FACTURA` varchar(200) NOT NULL,
  `FECHA` date NOT NULL,
  `ID_DIRECCION` int(11) NOT NULL
) ENGINE=InnoDB DEFAULT CHARSET=utf8mb4;

--
-- Volcado de datos para la tabla `tbl_factura`
--

INSERT INTO `tbl_factura` (`ID_FACTURA`, `DESCRIPCION_FACTURA`, `FECHA`, `ID_DIRECCION`) VALUES
(1, 'Compra de una pizza', '2021-05-21', 1),
(2, 'Compra de pollo a la plancha', '2021-05-21', 3),
(3, 'Compra de una ensalada de vegetales', '2021-05-21', 2);

-- --------------------------------------------------------

--
-- Estructura de tabla para la tabla `tbl_inventario`
--

CREATE TABLE `tbl_inventario` (
  `ID_PRODUCTO` int(11) NOT NULL,
  `PRODUCTO` varchar(150) NOT NULL,
  `PRECIO` double NOT NULL,
  `ID_DIRECCION` int(11) NOT NULL
) ENGINE=InnoDB DEFAULT CHARSET=utf8mb4;

--
-- Volcado de datos para la tabla `tbl_inventario`
--

INSERT INTO `tbl_inventario` (`ID_PRODUCTO`, `PRODUCTO`, `PRECIO`, `ID_DIRECCION`) VALUES
(1, 'Pizza', 100, 1),
(2, 'Pollo a la plancha', 220, 2),
(3, 'Ensalada de vegetales', 150, 3);

-- --------------------------------------------------------

--
-- Estructura de tabla para la tabla `tbl_pedidos`
--

CREATE TABLE `tbl_pedidos` (
  `ID_PEDIDO` int(11) NOT NULL,
  `DESCRIPCION_PEDIDO` varchar(200) NOT NULL,
  `FECHA` date NOT NULL,
  `ID_DIRECCION` int(11) NOT NULL
) ENGINE=InnoDB DEFAULT CHARSET=utf8mb4;

--
-- Volcado de datos para la tabla `tbl_pedidos`
--

INSERT INTO `tbl_pedidos` (`ID_PEDIDO`, `DESCRIPCION_PEDIDO`, `FECHA`, `ID_DIRECCION`) VALUES
(1, 'Almuerzo para dos personas', '2021-05-21', 3),
(2, 'Tres refrescos pequeños de cola', '2021-05-21', 1),
(3, 'Cena para niño', '2021-05-21', 3);

--
-- Índices para tablas volcadas
--

--
-- Indices de la tabla `tbl_direcciones`
--
ALTER TABLE `tbl_direcciones`
  ADD PRIMARY KEY (`ID_DIRECCION`);

--
-- Indices de la tabla `tbl_envios`
--
ALTER TABLE `tbl_envios`
  ADD PRIMARY KEY (`ID_ENVIO`),
  ADD KEY `FK_DIRECCION_ENVIOS` (`ID_DIRECCION`);

--
-- Indices de la tabla `tbl_factura`
--
ALTER TABLE `tbl_factura`
  ADD PRIMARY KEY (`ID_FACTURA`),
  ADD KEY `FK_DIRECCION_FACTURA` (`ID_DIRECCION`);

--
-- Indices de la tabla `tbl_inventario`
--
ALTER TABLE `tbl_inventario`
  ADD PRIMARY KEY (`ID_PRODUCTO`),
  ADD KEY `FK_DIRECCIONES_INVERTARIO` (`ID_DIRECCION`);

--
-- Indices de la tabla `tbl_pedidos`
--
ALTER TABLE `tbl_pedidos`
  ADD PRIMARY KEY (`ID_PEDIDO`),
  ADD KEY `FK_DIRECCION_PEDIDOS` (`ID_DIRECCION`);

--
-- AUTO_INCREMENT de las tablas volcadas
--

--
-- AUTO_INCREMENT de la tabla `tbl_direcciones`
--
ALTER TABLE `tbl_direcciones`
  MODIFY `ID_DIRECCION` int(11) NOT NULL AUTO_INCREMENT, AUTO_INCREMENT=7;

--
-- AUTO_INCREMENT de la tabla `tbl_envios`
--
ALTER TABLE `tbl_envios`
  MODIFY `ID_ENVIO` int(11) NOT NULL AUTO_INCREMENT, AUTO_INCREMENT=8;

--
-- AUTO_INCREMENT de la tabla `tbl_factura`
--
ALTER TABLE `tbl_factura`
  MODIFY `ID_FACTURA` int(11) NOT NULL AUTO_INCREMENT, AUTO_INCREMENT=4;

--
-- AUTO_INCREMENT de la tabla `tbl_inventario`
--
ALTER TABLE `tbl_inventario`
  MODIFY `ID_PRODUCTO` int(11) NOT NULL AUTO_INCREMENT, AUTO_INCREMENT=4;

--
-- AUTO_INCREMENT de la tabla `tbl_pedidos`
--
ALTER TABLE `tbl_pedidos`
  MODIFY `ID_PEDIDO` int(11) NOT NULL AUTO_INCREMENT, AUTO_INCREMENT=4;

--
-- Restricciones para tablas volcadas
--

--
-- Filtros para la tabla `tbl_envios`
--
ALTER TABLE `tbl_envios`
  ADD CONSTRAINT `FK_DIRECCIONES_ENVIOS` FOREIGN KEY (`ID_DIRECCION`) REFERENCES `tbl_direcciones` (`ID_DIRECCION`) ON DELETE CASCADE ON UPDATE CASCADE;

--
-- Filtros para la tabla `tbl_factura`
--
ALTER TABLE `tbl_factura`
  ADD CONSTRAINT `FK_DIRECCIONES_FACTURA` FOREIGN KEY (`ID_DIRECCION`) REFERENCES `tbl_direcciones` (`ID_DIRECCION`) ON DELETE CASCADE ON UPDATE CASCADE;

--
-- Filtros para la tabla `tbl_inventario`
--
ALTER TABLE `tbl_inventario`
  ADD CONSTRAINT `FK_DIRECCIONES_INVERTARIO` FOREIGN KEY (`ID_DIRECCION`) REFERENCES `tbl_direcciones` (`ID_DIRECCION`) ON DELETE CASCADE ON UPDATE CASCADE;

--
-- Filtros para la tabla `tbl_pedidos`
--
ALTER TABLE `tbl_pedidos`
  ADD CONSTRAINT `FK_DIRECCIONES_PEDIDOS` FOREIGN KEY (`ID_DIRECCION`) REFERENCES `tbl_direcciones` (`ID_DIRECCION`) ON DELETE CASCADE ON UPDATE CASCADE;
COMMIT;

/*!40101 SET CHARACTER_SET_CLIENT=@OLD_CHARACTER_SET_CLIENT */;
/*!40101 SET CHARACTER_SET_RESULTS=@OLD_CHARACTER_SET_RESULTS */;
/*!40101 SET COLLATION_CONNECTION=@OLD_COLLATION_CONNECTION */;
